concept,pearson_Q,spearman_Q,std
ridge_valley_clarity,0.6883347809116137,0.7927912792771805,0.10527908091253019
noise_level,-0.9722214142996893,-0.9848438856732956,0.13529350809620555
contrast_uniformity,0.002146843663200154,0.1592801805842997,0.08742220678347122
usable_area,-0.1341044486332079,-0.14430516975985402,0.025122679379101006
ridge_frequency,0.11513216938402988,0.021595476572521137,0.104456309424699
orientation_coherence,0.15753807534849346,0.19828813979625332,0.0521144601627007
