degradation,ridge_valley_clarity,noise_level,contrast_uniformity,usable_area,ridge_frequency,orientation_coherence
blur,-0.42233427968264875,0.4576982157850356,0.33903046228638467,0.30357202448885573,0.44833717387558025,0.21492574000193904
jpeg,-0.11219066894513888,0.12282821656951992,0.019998589533836385,0.025624670277397923,0.14608898737483317,-0.12169354482291928
pressure_wet,-0.7744134670549409,-0.01612179439961751,0.823873477077995,0.8397130507771019,0.8496634394751041,0.6838276771243699
noise,0.4224761136509738,0.43798329418784937,0.4533486407563998,0.2090159913217273,0.39836433903571006,0.3835137716760442
dry_skin,0.17762340633244278,-0.025151890382980987,-0.2535991353652444,0.2432925336669552,0.48568678553451816,-0.10514624851832652
occlusion,0.5940952153243215,-0.05607169547784859,0.6356052900541286,-0.8636270331314168,0.6113989594599814,0.6425551545020575
ridge_stretch,-0.022598878953129533,0.027373955886740586,0.028130403717807683,0.007895424236762828,0.03512754615517833,-0.035458492081270186
orientation_break,0.4004445705711447,0.07824507252600289,0.6205236114222282,0.5524433066261895,0.2512352358931597,-0.7068532201427608
