{
  "matcher_roc_auc": 0.958446097505979,
  "n_genuine": 18768,
  "n_impostor": 114036,
  "fmr_sweep": [
    {
      "target_fmr": 0.1,
      "threshold": 11.0,
      "auc_erc_q": 0.006947870378665297,
      "auc_erc_random": 0.03617203174885828,
      "fnmr_at_rej0": 0.0726236146632566,
      "fnmr_at_rej_max": 0.008738277919863598,
      "fnmr_curve": [
        0.0726236146632566,
        0.032697700504767245,
        0.007281984488781008,
        0.007584780292108067,
        0.007659517783402158,
        0.008027848820687696,
        0.008372659461105192,
        0.008689236822690384,
        0.009146612201403073,
        0.008816120906801008,
        0.008738277919863598
      ]
    },
    {
      "target_fmr": 0.01,
      "threshold": 27.0,
      "auc_erc_q": 0.012633675019712038,
      "auc_erc_random": 0.047863039793575764,
      "fnmr_at_rej0": 0.09628090366581415,
      "fnmr_at_rej_max": 0.018222506393861894,
      "fnmr_curve": [
        0.09628090366581415,
        0.04890633763320247,
        0.017879344029364752,
        0.017864978373973547,
        0.01811642467030771,
        0.01840011366865587,
        0.01819150555640128,
        0.018854004426592342,
        0.019092442944676317,
        0.018116644061228444,
        0.018222506393861894
      ]
    },
    {
      "target_fmr": 0.001,
      "threshold": 41.0,
      "auc_erc_q": 0.020754580621536685,
      "auc_erc_random": 0.05636546925676381,
      "fnmr_at_rej0": 0.1126385336743393,
      "fnmr_at_rej_max": 0.03250213128729753,
      "fnmr_curve": [
        0.1126385336743393,
        0.0659562535053281,
        0.03445621928837843,
        0.03441358992039115,
        0.034967363793792464,
        0.03495311167945439,
        0.03417567361851119,
        0.0349208951553406,
        0.03525441790249534,
        0.0334237550862236,
        0.03250213128729753
      ]
    },
    {
      "target_fmr": 0.0001,
      "threshold": 58.59649999999965,
      "auc_erc_q": 0.03250730697287793,
      "auc_erc_random": 0.06734991145410867,
      "fnmr_at_rej0": 0.1345375106564365,
      "fnmr_at_rej_max": 0.05647911338448423,
      "fnmr_curve": [
        0.1345375106564365,
        0.08900729108244532,
        0.057131016517672134,
        0.05723061493136087,
        0.05807912614892767,
        0.058681443591929526,
        0.057923580453645915,
        0.05918517911304205,
        0.05985258858005506,
        0.05754698701801977,
        0.05647911338448423
      ]
    }
  ]
}