{
  "matcher_roc_auc": 0.7657750181729709,
  "n_genuine": 19793,
  "n_impostor": 120210,
  "fmr_sweep": [
    {
      "target_fmr": 0.1,
      "threshold": 18.0,
      "auc_erc_q": 0.14394465806218248,
      "auc_erc_random": 0.18694596273601666,
      "fnmr_at_rej0": 0.37417268731369674,
      "fnmr_at_rej_max": 0.2731406628940986,
      "fnmr_curve": [
        0.37417268731369674,
        0.34175397542945274,
        0.3065566408442798,
        0.2899429386590585,
        0.28160919540229884,
        0.274503199730549,
        0.27174305304944063,
        0.26303925378935095,
        0.26060963287302125,
        0.2654785963623002,
        0.2731406628940986
      ]
    },
    {
      "target_fmr": 0.01,
      "threshold": 30.0,
      "auc_erc_q": 0.22207122193797485,
      "auc_erc_random": 0.2625582703082844,
      "fnmr_at_rej0": 0.5255393320871015,
      "fnmr_at_rej_max": 0.409357316087308,
      "fnmr_curve": [
        0.5255393320871015,
        0.5005584215284795,
        0.47294262939261256,
        0.4572039942938659,
        0.4468864468864469,
        0.4360390703940721,
        0.4278599783471671,
        0.4160901671200933,
        0.40880767935331763,
        0.4075877273562374,
        0.409357316087308
      ]
    },
    {
      "target_fmr": 0.001,
      "threshold": 43.0,
      "auc_erc_q": 0.2867438148016628,
      "auc_erc_random": 0.32326888419205146,
      "fnmr_at_rej0": 0.6464406608396908,
      "fnmr_at_rej_max": 0.5294058205335489,
      "fnmr_curve": [
        0.6464406608396908,
        0.6278253470190926,
        0.607162905579881,
        0.593378506894912,
        0.5823544271820134,
        0.5698888514651398,
        0.5574882713821725,
        0.5454333462883794,
        0.5339339845065678,
        0.529487415028477,
        0.5294058205335489
      ]
    },
    {
      "target_fmr": 0.0001,
      "threshold": 58.95819999999367,
      "auc_erc_q": 0.34361099748452767,
      "auc_erc_random": 0.37376195312588434,
      "fnmr_at_rej0": 0.7480927600666902,
      "fnmr_at_rej_max": 0.6402586903799515,
      "fnmr_curve": [
        0.7480927600666902,
        0.734829548476307,
        0.7201077803974402,
        0.7085116500237756,
        0.6976758873310598,
        0.6867632199393735,
        0.6747022735474558,
        0.6621842207539836,
        0.6499663186257999,
        0.6433033253720375,
        0.6402586903799515
      ]
    }
  ]
}