{
  "matcher_roc_auc": 0.7657750181729709,
  "n_genuine": 19793,
  "n_impostor": 120210,
  "fmr_sweep": [
    {
      "target_fmr": 0.1,
      "threshold": 18.0,
      "auc_erc_q": 0.1318021258536874,
      "auc_erc_random": 0.1870721639972204,
      "fnmr_at_rej0": 0.37417268731369674,
      "fnmr_at_rej_max": 0.18684316895715442,
      "fnmr_curve": [
        0.37417268731369674,
        0.3572302292187417,
        0.33086336589199505,
        0.3015929624346172,
        0.270935960591133,
        0.2467497473896935,
        0.23182966438108987,
        0.21624562767197825,
        0.20772987537891546,
        0.192357155980158,
        0.18684316895715442
      ]
    },
    {
      "target_fmr": 0.01,
      "threshold": 30.0,
      "auc_erc_q": 0.20671289547767158,
      "auc_erc_random": 0.2622382578550672,
      "fnmr_at_rej0": 0.5255393320871015,
      "fnmr_at_rej_max": 0.32144300727566694,
      "fnmr_curve": [
        0.5255393320871015,
        0.5072062968675212,
        0.482990906028966,
        0.45702567760342366,
        0.42913982569154985,
        0.40437857864600874,
        0.384554312522555,
        0.3634667703070346,
        0.3512125294712024,
        0.33079184273378653,
        0.32144300727566694
      ]
    },
    {
      "target_fmr": 0.001,
      "threshold": 43.0,
      "auc_erc_q": 0.27437270329169805,
      "auc_erc_random": 0.32355871430253147,
      "fnmr_at_rej0": 0.6464406608396908,
      "fnmr_at_rej_max": 0.4540218270008084,
      "fnmr_curve": [
        0.6464406608396908,
        0.630750412168271,
        0.6118782979678904,
        0.5911198288159771,
        0.5684602753568271,
        0.5467160660154934,
        0.526019487549621,
        0.5036921881072678,
        0.48972718086897943,
        0.46885908506338414,
        0.4540218270008084
      ]
    },
    {
      "target_fmr": 0.0001,
      "threshold": 58.95819999999367,
      "auc_erc_q": 0.33645698366514376,
      "auc_erc_random": 0.37434497382823867,
      "fnmr_at_rej0": 0.7480927600666902,
      "fnmr_at_rej_max": 0.5919563459983832,
      "fnmr_curve": [
        0.7480927600666902,
        0.7363186725522523,
        0.7227461547097789,
        0.70726343319068,
        0.6904130352406215,
        0.6738295722465477,
        0.6574521833273187,
        0.6392537893509522,
        0.625463118895251,
        0.6063751607569355,
        0.5919563459983832
      ]
    }
  ]
}