{
  "matcher_roc_auc": 0.958446097505979,
  "n_genuine": 18768,
  "n_impostor": 114036,
  "fmr_sweep": [
    {
      "target_fmr": 0.1,
      "threshold": 11.0,
      "auc_erc_q": 0.009064627780909733,
      "auc_erc_random": 0.03636535969292179,
      "fnmr_at_rej0": 0.0726236146632566,
      "fnmr_at_rej_max": 0.003090366581415175,
      "fnmr_curve": [
        0.0726236146632566,
        0.06034772854739204,
        0.03824521934758155,
        0.019306713470820535,
        0.007925935793259625,
        0.005115089514066497,
        0.003653524128482265,
        0.0032789572915812772,
        0.0027528638664417013,
        0.002809533036233288,
        0.003090366581415175
      ]
    },
    {
      "target_fmr": 0.01,
      "threshold": 27.0,
      "auc_erc_q": 0.012028766755444087,
      "auc_erc_random": 0.048071328738354825,
      "fnmr_at_rej0": 0.09628090366581415,
      "fnmr_at_rej_max": 0.0036231884057971015,
      "fnmr_curve": [
        0.09628090366581415,
        0.07874369040942232,
        0.05073707891776686,
        0.02582586347395474,
        0.01132276541894232,
        0.007530548451264564,
        0.005175825848683209,
        0.004344618411345192,
        0.003552082408311873,
        0.003390815733385003,
        0.0036231884057971015
      ]
    },
    {
      "target_fmr": 0.001,
      "threshold": 41.0,
      "auc_erc_q": 0.015021327882598112,
      "auc_erc_random": 0.05668416351822968,
      "fnmr_at_rej0": 0.1126385336743393,
      "fnmr_at_rej_max": 0.005967604433077579,
      "fnmr_curve": [
        0.1126385336743393,
        0.08956814357823892,
        0.0589071102954236,
        0.03253306588102551,
        0.016917543625949116,
        0.01257459505541347,
        0.00920992540721571,
        0.008197393228953192,
        0.007015362756415949,
        0.006200348769618291,
        0.005967604433077579
      ]
    },
    {
      "target_fmr": 0.0001,
      "threshold": 58.59649999999965,
      "auc_erc_q": 0.01962905229684454,
      "auc_erc_random": 0.06724238337393862,
      "fnmr_at_rej0": 0.1345375106564365,
      "fnmr_at_rej_max": 0.00937766410912191,
      "fnmr_curve": [
        0.1345375106564365,
        0.10667414469994392,
        0.07293825113966017,
        0.04475647213690215,
        0.02617556946849607,
        0.019963057686842853,
        0.015527477546049627,
        0.013525698827772768,
        0.011277861646390197,
        0.009784925402053866,
        0.00937766410912191
      ]
    }
  ]
}